day,hits,views,bandwidth
2026-02-20,2,2,1003
2026-02-24,1,1,1261
2026-02-25,2,2,2551
2026-02-26,3,3,2811
2026-02-27,1,1,1275
2026-02-28,2,2,1788
2026-03-01,1,1,1276
2026-03-02,1,1,1275
2026-03-03,2,2,1788
2026-03-08,284,170,619577
2026-03-09,76,59,262870
2026-03-10,97,75,348550
2026-03-11,48,37,175207
2026-03-12,129,101,394567
2026-03-13,109,88,310202
2026-03-14,91,57,1477049
2026-03-15,196,98,6526074
2026-03-16,45,42,123984
2026-03-17,263,147,12766309
2026-03-18,114,59,5787846
2026-03-19,74,38,3263069
2026-03-20,107,63,2810994
2026-03-21,77,42,2677261
2026-03-22,76,58,865293
2026-03-23,155,125,2082124
2026-03-24,74,51,2628075
2026-03-25,62,48,1384575
2026-03-26,107,80,2775009
2026-03-27,36,36,76617
2026-03-28,108,72,3330360
2026-03-29,191,112,650736
2026-03-30,57,39,194373
2026-03-31,42,37,117382
2026-04-01,99,50,385052
2026-04-02,342,177,940828
2026-04-03,188,107,388765
2026-04-04,132,61,543092
2026-04-05,144,81,416543
2026-04-06,151,69,615564
2026-04-07,433,140,2031009
2026-04-08,119,77,411815
2026-04-09,78,55,186141
2026-04-10,74,37,295158
2026-04-11,107,53,431312
2026-04-12,57,33,228743
2026-04-13,36,30,90068
2026-04-14,78,49,263399
2026-04-15,50,34,144801
2026-04-16,74,53,215224
2026-04-17,40,39,81995
2026-04-18,79,52,261033
2026-04-19,51,36,157807
2026-04-20,51,37,160348
2026-04-21,44,27,139683
2026-04-22,42,27,129485
2026-04-23,61,47,169909
2026-04-24,65,51,167798
2026-04-25,129,70,464275
2026-04-26,46,35,123706
2026-04-27,68,47,260515
2026-04-28,75,49,290857
2026-04-29,63,42,190463
2026-04-30,57,37,197131
2026-05-01,77,43,270933
2026-05-02,78,59,220665
2026-05-03,104,54,337538
2026-05-04,95,52,341070
2026-05-05,58,34,229755
2026-05-06,85,64,2846726
2026-05-07,66,48,4469802
2026-05-08,210,145,3695723
2026-05-09,147,80,10837430
2026-05-10,52,48,2693279
2026-05-11,57,40,116680
2026-05-12,123,74,14197221
2026-05-13,126,88,2963007
2026-05-14,70,50,188136
2026-05-15,472,179,2020148
2026-05-16,310,135,2848943
2026-05-17,76,45,242574
2026-05-18,82,49,264358
2026-05-19,53,44,114132
2026-05-20,79,54,231425
2026-05-21,96,69,218263
2026-05-22,154,77,29011242
2026-05-23,85,57,22683908
2026-05-24,123,68,15477174
2026-05-25,75,59,12707741
2026-05-26,128,78,19564911
2026-05-27,121,82,43744465
2026-05-28,79,46,20103259
2026-05-29,173,95,39032570
2026-05-30,373,171,66392175
2026-05-31,169,112,32443019
2026-06-01,177,98,35609268
2026-06-02,127,76,30134912
2026-06-03,176,93,67998276
2026-06-04,93,63,10217419
2026-06-05,127,72,12908280
2026-06-06,95,62,19690074
2026-06-07,74,50,22675486
2026-06-08,102,68,272376
2026-06-09,89,53,20104989
2026-06-10,70,49,10123158
2026-06-11,216,105,30089887
2026-06-12,95,71,14554532
2026-06-13,154,126,37732620
2026-06-14,93,68,22250706
2026-06-15,68,48,10182233
2026-06-16,53,44,114926
2026-06-17,412,120,12019223
2026-06-18,99,74,32619661
2026-06-19,55,37,10147822
2026-06-20,109,69,12968352
2026-06-21,151,79,50062605
2026-06-22,82,61,13251253
2026-06-23,124,66,23998824
2026-06-24,69,45,172758
2026-06-25,61,42,1186177
2026-06-26,133,90,20194159
2026-06-27,47,32,98365
2026-06-28,145,86,51317890
2026-06-29,86,51,20116598
2026-06-30,82,49,17657747
2026-07-01,92,51,19632382
2026-07-02,82,57,640788
2026-07-03,111,68,807296
2026-07-04,70,46,1366811
2026-07-05,82,53,5366144
2026-07-06,98,56,10276947
2026-07-07,99,53,11153351
2026-07-08,175,123,440734
2026-07-09,110,65,277226
2026-07-10,68,44,10511221
2026-07-11,121,78,8865731
2026-07-12,102,64,23217796
2026-07-13,96,68,248180
2026-07-14,104,74,7091841
2026-07-15,94,69,20093166
2026-07-16,84,63,232293
2026-07-17,96,52,323786
2026-07-18,124,79,482998
2026-07-19,88,52,2868302
2026-07-20,101,55,820179
2026-07-21,87,62,2846541
2026-07-22,114,73,39655675
2026-07-23,249,128,30735195
2026-07-24,148,110,22853397
2026-07-25,106,60,319904
2026-07-26,120,81,76179828
2026-07-27,128,83,40395173
2026-07-28,145,85,64445906
2026-07-29,167,96,46452182
2026-07-30,107,85,16926136
2026-07-31,119,74,44716086
2026-08-01,61,54,119531
2026-08-02,97,67,60889193
2026-08-03,91,62,21873223
2026-08-04,88,57,195502
2026-08-05,139,96,38933826
2026-08-06,169,92,56994556
2026-08-07,182,98,11280957
2026-08-08,132,93,39452792
2026-08-09,182,108,13042552
2026-08-10,439,235,302224233
2026-08-11,153,103,34878857
2026-08-12,172,107,675432
2026-08-13,217,114,107679874
2026-08-14,275,149,113423658
2026-08-15,107,71,32051183
2026-08-16,93,56,288693
2026-08-17,476,162,61315899
2026-08-18,218,94,125975860
2026-08-19,186,100,3392761
2026-08-20,249,106,47674854
2026-08-21,217,101,893809
2026-08-22,182,83,3320614
2026-08-23,208,89,36144186
2026-08-24,148,99,22289931
2026-08-25,133,81,66463457
2026-08-26,172,113,62646758
2026-08-27,136,85,18720183
2026-08-28,113,76,13117519
2026-08-29,139,88,32136680
2026-08-30,124,80,21351626
2026-08-31,118,77,325699
2026-09-01,153,102,34754487
2026-09-02,147,109,32048587
2026-09-03,298,142,7503037
2026-09-04,187,97,64143156
2026-09-05,203,109,66266888
2026-09-06,93,67,171891
2026-09-07,247,175,61584878
2026-09-08,163,111,375270
2026-09-09,164,108,1899982
2026-09-10,182,116,481489
2026-09-11,166,130,53603716
2026-09-12,153,103,4759991
2026-09-13,245,154,72885982
2026-09-14,148,119,2953666
2026-09-15,135,99,32051915
2026-09-16,120,91,3112031
2026-09-17,513,201,49265446
2026-09-18,191,102,32177314
2026-09-19,176,83,32343360
2026-09-21,133,6,0
